State,City,Vehicle Class,Powertrain,Energy Charge (₹/kWh),Petrol,Diesel,Cost_per_km_₹,CO2_per_km_kg,Maintenance Cost (₹/km),Replacement Cost (₹),Replacement Cycle (Years),Charging Stations Count,Cost_Advantage_₹_per_km,CO2_Advantage_kg_per_km,Charging_Density,Charging_Readiness
Maharashtra,Mumbai,2W,EV,8.27,104.21,90.03,0.3308,0.02864,0.2,40000,5,0.0,1.8380444444444437,0.02269333333333331,0.0,Low
Maharashtra,Mumbai,2W,EV,12.63,104.21,90.03,0.5052000000000001,0.02864,0.2,40000,5,0.0,1.8380444444444437,0.02269333333333331,0.0,Low
Maharashtra,Mumbai,2W,EV,14.93,104.21,90.03,0.5972,0.02864,0.2,40000,5,0.0,1.8380444444444437,0.02269333333333331,0.0,Low
Maharashtra,Mumbai,2W,ICE,8.27,104.21,90.03,2.315777777777777,0.0513333333333333,1.2,15000,7,0.0,1.8380444444444437,0.02269333333333331,0.0,Low
Maharashtra,Mumbai,2W,ICE,12.63,104.21,90.03,2.315777777777777,0.0513333333333333,1.2,15000,7,0.0,1.8380444444444437,0.02269333333333331,0.0,Low
Maharashtra,Mumbai,2W,ICE,14.93,104.21,90.03,2.315777777777777,0.0513333333333333,1.2,15000,7,0.0,1.8380444444444437,0.02269333333333331,0.0,Low
Maharashtra,Mumbai,3W,EV,8.27,104.21,90.03,0.9924,0.08592,0.3,140000,5,0.0,1.5677999999999999,0.00341333333333331,0.0,Low
Maharashtra,Mumbai,3W,EV,12.63,104.21,90.03,1.5156,0.08592,0.3,140000,5,0.0,1.5677999999999999,0.00341333333333331,0.0,Low
Maharashtra,Mumbai,3W,EV,14.93,104.21,90.03,1.7916,0.08592,0.3,140000,5,0.0,1.5677999999999999,0.00341333333333331,0.0,Low
Maharashtra,Mumbai,3W,ICE,8.27,104.21,90.03,3.001,0.0893333333333333,1.8,25000,7,0.0,1.5677999999999999,0.00341333333333331,0.0,Low
Maharashtra,Mumbai,3W,ICE,12.63,104.21,90.03,3.001,0.0893333333333333,1.8,25000,7,0.0,1.5677999999999999,0.00341333333333331,0.0,Low
Maharashtra,Mumbai,3W,ICE,14.93,104.21,90.03,3.001,0.0893333333333333,1.8,25000,7,0.0,1.5677999999999999,0.00341333333333331,0.0,Low
Maharashtra,Mumbai,4W,EV,8.27,104.21,90.03,1.2405,0.1074,0.8,400000,8,0.0,2.71,0.026600000000000013,0.0,Low
Maharashtra,Mumbai,4W,EV,12.63,104.21,90.03,1.8945,0.1074,0.8,400000,8,0.0,2.71,0.026600000000000013,0.0,Low
Maharashtra,Mumbai,4W,EV,14.93,104.21,90.03,2.2395,0.1074,0.8,400000,8,0.0,2.71,0.026600000000000013,0.0,Low
Maharashtra,Mumbai,4W,ICE,8.27,104.21,90.03,4.5015,0.134,3.5,75000,10,0.0,2.71,0.026600000000000013,0.0,Low
Maharashtra,Mumbai,4W,ICE,12.63,104.21,90.03,4.5015,0.134,3.5,75000,10,0.0,2.71,0.026600000000000013,0.0,Low
Maharashtra,Mumbai,4W,ICE,14.93,104.21,90.03,4.5015,0.134,3.5,75000,10,0.0,2.71,0.026600000000000013,0.0,Low
Maharashtra,Maharashtra,2W,EV,6.6,,,0.264,0.02864,0.2,40000,5,0.0,-3.7879236306729274,0.022693333333333305,0.0,Low
Maharashtra,Maharashtra,2W,EV,10.33,,,0.4132,0.02864,0.2,40000,5,0.0,-3.7879236306729274,0.022693333333333305,0.0,Low
Maharashtra,Maharashtra,2W,EV,12.47,,,0.4988,0.02864,0.2,40000,5,0.0,-3.7879236306729274,0.022693333333333305,0.0,Low
Maharashtra,Maharashtra,2W,EV,6.44,,,0.2576,0.02864,0.2,40000,5,0.0,-3.7879236306729274,0.022693333333333305,0.0,Low
Maharashtra,Maharashtra,2W,EV,10.07,,,0.4028,0.02864,0.2,40000,5,0.0,-3.7879236306729274,0.022693333333333305,0.0,Low
Maharashtra,Maharashtra,2W,EV,12.16,,,0.4864,0.02864,0.2,40000,5,0.0,-3.7879236306729274,0.022693333333333305,0.0,Low
Maharashtra,Maharashtra,2W,EV,1.0,,,0.04,0.02864,0.2,40000,5,0.0,-3.7879236306729274,0.022693333333333305,0.0,Low
Maharashtra,Maharashtra,2W,EV,166.0,,,6.640000000000001,0.02864,0.2,40000,5,0.0,-3.7879236306729274,0.022693333333333305,0.0,Low
Maharashtra,Maharashtra,2W,EV,804.0,,,32.160000000000004,0.02864,0.2,40000,5,0.0,-3.7879236306729274,0.022693333333333305,0.0,Low
Maharashtra,Maharashtra,2W,EV,5.0,,,0.2,0.02864,0.2,40000,5,0.0,-3.7879236306729274,0.022693333333333305,0.0,Low
Maharashtra,Maharashtra,2W,EV,3.0,,,0.12,0.02864,0.2,40000,5,0.0,-3.7879236306729274,0.022693333333333305,0.0,Low
Maharashtra,Maharashtra,2W,EV,1.0,,,0.04,0.02864,0.2,40000,5,0.0,-3.7879236306729274,0.022693333333333305,0.0,Low
Maharashtra,Maharashtra,2W,EV,1.0,,,0.04,0.02864,0.2,40000,5,0.0,-3.7879236306729274,0.022693333333333305,0.0,Low
Maharashtra,Maharashtra,2W,EV,347.0,,,13.88,0.02864,0.2,40000,5,0.0,-3.7879236306729274,0.022693333333333305,0.0,Low
Maharashtra,Maharashtra,2W,EV,83.0,,,3.3200000000000003,0.02864,0.2,40000,5,0.0,-3.7879236306729274,0.022693333333333305,0.0,Low
Maharashtra,Maharashtra,2W,EV,152.0,,,6.08,0.02864,0.2,40000,5,0.0,-3.7879236306729274,0.022693333333333305,0.0,Low
Maharashtra,Maharashtra,2W,EV,9.0,,,0.36,0.02864,0.2,40000,5,0.0,-3.7879236306729274,0.022693333333333305,0.0,Low
Maharashtra,Maharashtra,2W,EV,115.0,,,4.6000000000000005,0.02864,0.2,40000,5,0.0,-3.7879236306729274,0.022693333333333305,0.0,Low
Maharashtra,Maharashtra,2W,EV,170.0,,,6.8,0.02864,0.2,40000,5,0.0,-3.7879236306729274,0.022693333333333305,0.0,Low
Maharashtra,Maharashtra,2W,EV,1.0,,,0.04,0.02864,0.2,40000,5,0.0,-3.7879236306729274,0.022693333333333305,0.0,Low
Maharashtra,Maharashtra,2W,EV,170.0,,,6.8,0.02864,0.2,40000,5,0.0,-3.7879236306729274,0.022693333333333305,0.0,Low
Maharashtra,Maharashtra,2W,EV,1.0,,,0.04,0.02864,0.2,40000,5,0.0,-3.7879236306729274,0.022693333333333305,0.0,Low
Maharashtra,Maharashtra,2W,EV,5.0,,,0.2,0.02864,0.2,40000,5,0.0,-3.7879236306729274,0.022693333333333305,0.0,Low
Maharashtra,Maharashtra,2W,EV,3.0,,,0.12,0.02864,0.2,40000,5,0.0,-3.7879236306729274,0.022693333333333305,0.0,Low
Maharashtra,Maharashtra,2W,EV,1.0,,,0.04,0.02864,0.2,40000,5,0.0,-3.7879236306729274,0.022693333333333305,0.0,Low
Maharashtra,Maharashtra,2W,EV,1.0,,,0.04,0.02864,0.2,40000,5,0.0,-3.7879236306729274,0.022693333333333305,0.0,Low
Maharashtra,Maharashtra,2W,EV,358.0,,,14.32,0.02864,0.2,40000,5,0.0,-3.7879236306729274,0.022693333333333305,0.0,Low
Maharashtra,Maharashtra,2W,EV,85.0,,,3.4,0.02864,0.2,40000,5,0.0,-3.7879236306729274,0.022693333333333305,0.0,Low
Maharashtra,Maharashtra,2W,EV,157.0,,,6.28,0.02864,0.2,40000,5,0.0,-3.7879236306729274,0.022693333333333305,0.0,Low
Maharashtra,Maharashtra,2W,EV,10.0,,,0.4,0.02864,0.2,40000,5,0.0,-3.7879236306729274,0.022693333333333305,0.0,Low
Maharashtra,Maharashtra,2W,EV,114.0,,,4.5600000000000005,0.02864,0.2,40000,5,0.0,-3.7879236306729274,0.022693333333333305,0.0,Low
Maharashtra,Maharashtra,2W,EV,273.0,,,10.92,0.02864,0.2,40000,5,0.0,-3.7879236306729274,0.022693333333333305,0.0,Low
Maharashtra,Maharashtra,2W,EV,1.0,,,0.04,0.02864,0.2,40000,5,0.0,-3.7879236306729274,0.022693333333333305,0.0,Low
Maharashtra,Maharashtra,2W,EV,174.0,,,6.96,0.02864,0.2,40000,5,0.0,-3.7879236306729274,0.022693333333333305,0.0,Low
Maharashtra,Maharashtra,2W,EV,1.0,,,0.04,0.02864,0.2,40000,5,0.0,-3.7879236306729274,0.022693333333333305,0.0,Low
Maharashtra,Maharashtra,2W,EV,5.0,,,0.2,0.02864,0.2,40000,5,0.0,-3.7879236306729274,0.022693333333333305,0.0,Low
Maharashtra,Maharashtra,2W,EV,3.0,,,0.12,0.02864,0.2,40000,5,0.0,-3.7879236306729274,0.022693333333333305,0.0,Low
Maharashtra,Maharashtra,2W,EV,996.0,,,39.84,0.02864,0.2,40000,5,0.0,-3.7879236306729274,0.022693333333333305,0.0,Low
Maharashtra,Maharashtra,2W,EV,1.0,,,0.04,0.02864,0.2,40000,5,0.0,-3.7879236306729274,0.022693333333333305,0.0,Low
Maharashtra,Maharashtra,2W,EV,375.0,,,15.0,0.02864,0.2,40000,5,0.0,-3.7879236306729274,0.022693333333333305,0.0,Low
Maharashtra,Maharashtra,2W,EV,89.0,,,3.56,0.02864,0.2,40000,5,0.0,-3.7879236306729274,0.022693333333333305,0.0,Low
Maharashtra,Maharashtra,2W,EV,163.0,,,6.5200000000000005,0.02864,0.2,40000,5,0.0,-3.7879236306729274,0.022693333333333305,0.0,Low
Maharashtra,Maharashtra,2W,EV,10.0,,,0.4,0.02864,0.2,40000,5,0.0,-3.7879236306729274,0.022693333333333305,0.0,Low
Maharashtra,Maharashtra,2W,EV,115.0,,,4.6000000000000005,0.02864,0.2,40000,5,0.0,-3.7879236306729274,0.022693333333333305,0.0,Low
Maharashtra,Maharashtra,2W,EV,410.0,,,16.4,0.02864,0.2,40000,5,0.0,-3.7879236306729274,0.022693333333333305,0.0,Low
Maharashtra,Maharashtra,2W,EV,2.0,,,0.08,0.02864,0.2,40000,5,0.0,-3.7879236306729274,0.022693333333333305,0.0,Low
Maharashtra,Maharashtra,2W,EV,179.0,,,7.16,0.02864,0.2,40000,5,0.0,-3.7879236306729274,0.022693333333333305,0.0,Low
Maharashtra,Maharashtra,2W,EV,2.0,,,0.08,0.02864,0.2,40000,5,0.0,-3.7879236306729274,0.022693333333333305,0.0,Low
Maharashtra,Maharashtra,2W,EV,5.0,,,0.2,0.02864,0.2,40000,5,0.0,-3.7879236306729274,0.022693333333333305,0.0,Low
Maharashtra,Maharashtra,2W,EV,3.0,,,0.12,0.02864,0.2,40000,5,0.0,-3.7879236306729274,0.022693333333333305,0.0,Low
Maharashtra,Maharashtra,2W,EV,977.0,,,39.08,0.02864,0.2,40000,5,0.0,-3.7879236306729274,0.022693333333333305,0.0,Low
Maharashtra,Maharashtra,2W,EV,1.0,,,0.04,0.02864,0.2,40000,5,0.0,-3.7879236306729274,0.022693333333333305,0.0,Low
Maharashtra,Maharashtra,2W,EV,395.0,,,15.8,0.02864,0.2,40000,5,0.0,-3.7879236306729274,0.022693333333333305,0.0,Low
Maharashtra,Maharashtra,2W,EV,93.0,,,3.72,0.02864,0.2,40000,5,0.0,-3.7879236306729274,0.022693333333333305,0.0,Low
Maharashtra,Maharashtra,2W,EV,172.0,,,6.88,0.02864,0.2,40000,5,0.0,-3.7879236306729274,0.022693333333333305,0.0,Low
Maharashtra,Maharashtra,2W,EV,10.0,,,0.4,0.02864,0.2,40000,5,0.0,-3.7879236306729274,0.022693333333333305,0.0,Low
Maharashtra,Maharashtra,2W,EV,117.0,,,4.68,0.02864,0.2,40000,5,0.0,-3.7879236306729274,0.022693333333333305,0.0,Low
Maharashtra,Maharashtra,2W,EV,611.0,,,24.44,0.02864,0.2,40000,5,0.0,-3.7879236306729274,0.022693333333333305,0.0,Low
Maharashtra,Maharashtra,2W,EV,2.0,,,0.08,0.02864,0.2,40000,5,0.0,-3.7879236306729274,0.022693333333333305,0.0,Low
Maharashtra,Maharashtra,2W,EV,184.0,,,7.36,0.02864,0.2,40000,5,0.0,-3.7879236306729274,0.022693333333333305,0.0,Low
Maharashtra,Maharashtra,2W,EV,3.0,,,0.12,0.02864,0.2,40000,5,0.0,-3.7879236306729274,0.022693333333333305,0.0,Low
Maharashtra,Maharashtra,2W,EV,5.0,,,0.2,0.02864,0.2,40000,5,0.0,-3.7879236306729274,0.022693333333333305,0.0,Low
Maharashtra,Maharashtra,2W,EV,4.0,,,0.16,0.02864,0.2,40000,5,0.0,-3.7879236306729274,0.022693333333333305,0.0,Low
Maharashtra,Maharashtra,2W,EV,930.0,,,37.2,0.02864,0.2,40000,5,0.0,-3.7879236306729274,0.022693333333333305,0.0,Low
Maharashtra,Maharashtra,2W,EV,1.0,,,0.04,0.02864,0.2,40000,5,0.0,-3.7879236306729274,0.022693333333333305,0.0,Low
Maharashtra,Maharashtra,2W,EV,415.0,,,16.6,0.02864,0.2,40000,5,0.0,-3.7879236306729274,0.022693333333333305,0.0,Low
Maharashtra,Maharashtra,2W,EV,98.0,,,3.92,0.02864,0.2,40000,5,0.0,-3.7879236306729274,0.022693333333333305,0.0,Low
Maharashtra,Maharashtra,2W,EV,180.0,,,7.2,0.02864,0.2,40000,5,0.0,-3.7879236306729274,0.022693333333333305,0.0,Low
Maharashtra,Maharashtra,2W,EV,10.0,,,0.4,0.02864,0.2,40000,5,0.0,-3.7879236306729274,0.022693333333333305,0.0,Low
Maharashtra,Maharashtra,2W,EV,119.0,,,4.76,0.02864,0.2,40000,5,0.0,-3.7879236306729274,0.022693333333333305,0.0,Low
Maharashtra,Maharashtra,2W,EV,879.0,,,35.160000000000004,0.02864,0.2,40000,5,0.0,-3.7879236306729274,0.022693333333333305,0.0,Low
Maharashtra,Maharashtra,2W,ICE,6.6,,,2.315777777777777,0.0513333333333333,1.2,15000,7,0.0,-3.7879236306729274,0.022693333333333305,0.0,Low
Maharashtra,Maharashtra,2W,ICE,10.33,,,2.315777777777777,0.0513333333333333,1.2,15000,7,0.0,-3.7879236306729274,0.022693333333333305,0.0,Low
Maharashtra,Maharashtra,2W,ICE,12.47,,,2.315777777777777,0.0513333333333333,1.2,15000,7,0.0,-3.7879236306729274,0.022693333333333305,0.0,Low
Maharashtra,Maharashtra,2W,ICE,6.44,,,2.315777777777777,0.0513333333333333,1.2,15000,7,0.0,-3.7879236306729274,0.022693333333333305,0.0,Low
Maharashtra,Maharashtra,2W,ICE,10.07,,,2.315777777777777,0.0513333333333333,1.2,15000,7,0.0,-3.7879236306729274,0.022693333333333305,0.0,Low
Maharashtra,Maharashtra,2W,ICE,12.16,,,2.315777777777777,0.0513333333333333,1.2,15000,7,0.0,-3.7879236306729274,0.022693333333333305,0.0,Low
Maharashtra,Maharashtra,2W,ICE,1.0,,,2.315777777777777,0.0513333333333333,1.2,15000,7,0.0,-3.7879236306729274,0.022693333333333305,0.0,Low
Maharashtra,Maharashtra,2W,ICE,166.0,,,2.315777777777777,0.0513333333333333,1.2,15000,7,0.0,-3.7879236306729274,0.022693333333333305,0.0,Low
Maharashtra,Maharashtra,2W,ICE,804.0,,,2.315777777777777,0.0513333333333333,1.2,15000,7,0.0,-3.7879236306729274,0.022693333333333305,0.0,Low
Maharashtra,Maharashtra,2W,ICE,5.0,,,2.315777777777777,0.0513333333333333,1.2,15000,7,0.0,-3.7879236306729274,0.022693333333333305,0.0,Low
Maharashtra,Maharashtra,2W,ICE,3.0,,,2.315777777777777,0.0513333333333333,1.2,15000,7,0.0,-3.7879236306729274,0.022693333333333305,0.0,Low
Maharashtra,Maharashtra,2W,ICE,1.0,,,2.315777777777777,0.0513333333333333,1.2,15000,7,0.0,-3.7879236306729274,0.022693333333333305,0.0,Low
Maharashtra,Maharashtra,2W,ICE,1.0,,,2.315777777777777,0.0513333333333333,1.2,15000,7,0.0,-3.7879236306729274,0.022693333333333305,0.0,Low
Maharashtra,Maharashtra,2W,ICE,347.0,,,2.315777777777777,0.0513333333333333,1.2,15000,7,0.0,-3.7879236306729274,0.022693333333333305,0.0,Low
Maharashtra,Maharashtra,2W,ICE,83.0,,,2.315777777777777,0.0513333333333333,1.2,15000,7,0.0,-3.7879236306729274,0.022693333333333305,0.0,Low
Maharashtra,Maharashtra,2W,ICE,152.0,,,2.315777777777777,0.0513333333333333,1.2,15000,7,0.0,-3.7879236306729274,0.022693333333333305,0.0,Low
Maharashtra,Maharashtra,2W,ICE,9.0,,,2.315777777777777,0.0513333333333333,1.2,15000,7,0.0,-3.7879236306729274,0.022693333333333305,0.0,Low
Maharashtra,Maharashtra,2W,ICE,115.0,,,2.315777777777777,0.0513333333333333,1.2,15000,7,0.0,-3.7879236306729274,0.022693333333333305,0.0,Low
Maharashtra,Maharashtra,2W,ICE,170.0,,,2.315777777777777,0.0513333333333333,1.2,15000,7,0.0,-3.7879236306729274,0.022693333333333305,0.0,Low
Maharashtra,Maharashtra,2W,ICE,1.0,,,2.315777777777777,0.0513333333333333,1.2,15000,7,0.0,-3.7879236306729274,0.022693333333333305,0.0,Low
Maharashtra,Maharashtra,2W,ICE,170.0,,,2.315777777777777,0.0513333333333333,1.2,15000,7,0.0,-3.7879236306729274,0.022693333333333305,0.0,Low
Maharashtra,Maharashtra,2W,ICE,1.0,,,2.315777777777777,0.0513333333333333,1.2,15000,7,0.0,-3.7879236306729274,0.022693333333333305,0.0,Low
Maharashtra,Maharashtra,2W,ICE,5.0,,,2.315777777777777,0.0513333333333333,1.2,15000,7,0.0,-3.7879236306729274,0.022693333333333305,0.0,Low
Maharashtra,Maharashtra,2W,ICE,3.0,,,2.315777777777777,0.0513333333333333,1.2,15000,7,0.0,-3.7879236306729274,0.022693333333333305,0.0,Low
Maharashtra,Maharashtra,2W,ICE,1.0,,,2.315777777777777,0.0513333333333333,1.2,15000,7,0.0,-3.7879236306729274,0.022693333333333305,0.0,Low
Maharashtra,Maharashtra,2W,ICE,1.0,,,2.315777777777777,0.0513333333333333,1.2,15000,7,0.0,-3.7879236306729274,0.022693333333333305,0.0,Low
Maharashtra,Maharashtra,2W,ICE,358.0,,,2.315777777777777,0.0513333333333333,1.2,15000,7,0.0,-3.7879236306729274,0.022693333333333305,0.0,Low
Maharashtra,Maharashtra,2W,ICE,85.0,,,2.315777777777777,0.0513333333333333,1.2,15000,7,0.0,-3.7879236306729274,0.022693333333333305,0.0,Low
Maharashtra,Maharashtra,2W,ICE,157.0,,,2.315777777777777,0.0513333333333333,1.2,15000,7,0.0,-3.7879236306729274,0.022693333333333305,0.0,Low
Maharashtra,Maharashtra,2W,ICE,10.0,,,2.315777777777777,0.0513333333333333,1.2,15000,7,0.0,-3.7879236306729274,0.022693333333333305,0.0,Low
Maharashtra,Maharashtra,2W,ICE,114.0,,,2.315777777777777,0.0513333333333333,1.2,15000,7,0.0,-3.7879236306729274,0.022693333333333305,0.0,Low
Maharashtra,Maharashtra,2W,ICE,273.0,,,2.315777777777777,0.0513333333333333,1.2,15000,7,0.0,-3.7879236306729274,0.022693333333333305,0.0,Low
Maharashtra,Maharashtra,2W,ICE,1.0,,,2.315777777777777,0.0513333333333333,1.2,15000,7,0.0,-3.7879236306729274,0.022693333333333305,0.0,Low
Maharashtra,Maharashtra,2W,ICE,174.0,,,2.315777777777777,0.0513333333333333,1.2,15000,7,0.0,-3.7879236306729274,0.022693333333333305,0.0,Low
Maharashtra,Maharashtra,2W,ICE,1.0,,,2.315777777777777,0.0513333333333333,1.2,15000,7,0.0,-3.7879236306729274,0.022693333333333305,0.0,Low
Maharashtra,Maharashtra,2W,ICE,5.0,,,2.315777777777777,0.0513333333333333,1.2,15000,7,0.0,-3.7879236306729274,0.022693333333333305,0.0,Low
Maharashtra,Maharashtra,2W,ICE,3.0,,,2.315777777777777,0.0513333333333333,1.2,15000,7,0.0,-3.7879236306729274,0.022693333333333305,0.0,Low
Maharashtra,Maharashtra,2W,ICE,996.0,,,2.315777777777777,0.0513333333333333,1.2,15000,7,0.0,-3.7879236306729274,0.022693333333333305,0.0,Low
Maharashtra,Maharashtra,2W,ICE,1.0,,,2.315777777777777,0.0513333333333333,1.2,15000,7,0.0,-3.7879236306729274,0.022693333333333305,0.0,Low
Maharashtra,Maharashtra,2W,ICE,375.0,,,2.315777777777777,0.0513333333333333,1.2,15000,7,0.0,-3.7879236306729274,0.022693333333333305,0.0,Low
Maharashtra,Maharashtra,2W,ICE,89.0,,,2.315777777777777,0.0513333333333333,1.2,15000,7,0.0,-3.7879236306729274,0.022693333333333305,0.0,Low
Maharashtra,Maharashtra,2W,ICE,163.0,,,2.315777777777777,0.0513333333333333,1.2,15000,7,0.0,-3.7879236306729274,0.022693333333333305,0.0,Low
Maharashtra,Maharashtra,2W,ICE,10.0,,,2.315777777777777,0.0513333333333333,1.2,15000,7,0.0,-3.7879236306729274,0.022693333333333305,0.0,Low
Maharashtra,Maharashtra,2W,ICE,115.0,,,2.315777777777777,0.0513333333333333,1.2,15000,7,0.0,-3.7879236306729274,0.022693333333333305,0.0,Low
Maharashtra,Maharashtra,2W,ICE,410.0,,,2.315777777777777,0.0513333333333333,1.2,15000,7,0.0,-3.7879236306729274,0.022693333333333305,0.0,Low
Maharashtra,Maharashtra,2W,ICE,2.0,,,2.315777777777777,0.0513333333333333,1.2,15000,7,0.0,-3.7879236306729274,0.022693333333333305,0.0,Low
Maharashtra,Maharashtra,2W,ICE,179.0,,,2.315777777777777,0.0513333333333333,1.2,15000,7,0.0,-3.7879236306729274,0.022693333333333305,0.0,Low
Maharashtra,Maharashtra,2W,ICE,2.0,,,2.315777777777777,0.0513333333333333,1.2,15000,7,0.0,-3.7879236306729274,0.022693333333333305,0.0,Low
Maharashtra,Maharashtra,2W,ICE,5.0,,,2.315777777777777,0.0513333333333333,1.2,15000,7,0.0,-3.7879236306729274,0.022693333333333305,0.0,Low
Maharashtra,Maharashtra,2W,ICE,3.0,,,2.315777777777777,0.0513333333333333,1.2,15000,7,0.0,-3.7879236306729274,0.022693333333333305,0.0,Low
Maharashtra,Maharashtra,2W,ICE,977.0,,,2.315777777777777,0.0513333333333333,1.2,15000,7,0.0,-3.7879236306729274,0.022693333333333305,0.0,Low
Maharashtra,Maharashtra,2W,ICE,1.0,,,2.315777777777777,0.0513333333333333,1.2,15000,7,0.0,-3.7879236306729274,0.022693333333333305,0.0,Low
Maharashtra,Maharashtra,2W,ICE,395.0,,,2.315777777777777,0.0513333333333333,1.2,15000,7,0.0,-3.7879236306729274,0.022693333333333305,0.0,Low
Maharashtra,Maharashtra,2W,ICE,93.0,,,2.315777777777777,0.0513333333333333,1.2,15000,7,0.0,-3.7879236306729274,0.022693333333333305,0.0,Low
Maharashtra,Maharashtra,2W,ICE,172.0,,,2.315777777777777,0.0513333333333333,1.2,15000,7,0.0,-3.7879236306729274,0.022693333333333305,0.0,Low
Maharashtra,Maharashtra,2W,ICE,10.0,,,2.315777777777777,0.0513333333333333,1.2,15000,7,0.0,-3.7879236306729274,0.022693333333333305,0.0,Low
Maharashtra,Maharashtra,2W,ICE,117.0,,,2.315777777777777,0.0513333333333333,1.2,15000,7,0.0,-3.7879236306729274,0.022693333333333305,0.0,Low
Maharashtra,Maharashtra,2W,ICE,611.0,,,2.315777777777777,0.0513333333333333,1.2,15000,7,0.0,-3.7879236306729274,0.022693333333333305,0.0,Low
Maharashtra,Maharashtra,2W,ICE,2.0,,,2.315777777777777,0.0513333333333333,1.2,15000,7,0.0,-3.7879236306729274,0.022693333333333305,0.0,Low
Maharashtra,Maharashtra,2W,ICE,184.0,,,2.315777777777777,0.0513333333333333,1.2,15000,7,0.0,-3.7879236306729274,0.022693333333333305,0.0,Low
Maharashtra,Maharashtra,2W,ICE,3.0,,,2.315777777777777,0.0513333333333333,1.2,15000,7,0.0,-3.7879236306729274,0.022693333333333305,0.0,Low
Maharashtra,Maharashtra,2W,ICE,5.0,,,2.315777777777777,0.0513333333333333,1.2,15000,7,0.0,-3.7879236306729274,0.022693333333333305,0.0,Low
Maharashtra,Maharashtra,2W,ICE,4.0,,,2.315777777777777,0.0513333333333333,1.2,15000,7,0.0,-3.7879236306729274,0.022693333333333305,0.0,Low
Maharashtra,Maharashtra,2W,ICE,930.0,,,2.315777777777777,0.0513333333333333,1.2,15000,7,0.0,-3.7879236306729274,0.022693333333333305,0.0,Low
Maharashtra,Maharashtra,2W,ICE,1.0,,,2.315777777777777,0.0513333333333333,1.2,15000,7,0.0,-3.7879236306729274,0.022693333333333305,0.0,Low
Maharashtra,Maharashtra,2W,ICE,415.0,,,2.315777777777777,0.0513333333333333,1.2,15000,7,0.0,-3.7879236306729274,0.022693333333333305,0.0,Low
Maharashtra,Maharashtra,2W,ICE,98.0,,,2.315777777777777,0.0513333333333333,1.2,15000,7,0.0,-3.7879236306729274,0.022693333333333305,0.0,Low
Maharashtra,Maharashtra,2W,ICE,180.0,,,2.315777777777777,0.0513333333333333,1.2,15000,7,0.0,-3.7879236306729274,0.022693333333333305,0.0,Low
Maharashtra,Maharashtra,2W,ICE,10.0,,,2.315777777777777,0.0513333333333333,1.2,15000,7,0.0,-3.7879236306729274,0.022693333333333305,0.0,Low
Maharashtra,Maharashtra,2W,ICE,119.0,,,2.315777777777777,0.0513333333333333,1.2,15000,7,0.0,-3.7879236306729274,0.022693333333333305,0.0,Low
Maharashtra,Maharashtra,2W,ICE,879.0,,,2.315777777777777,0.0513333333333333,1.2,15000,7,0.0,-3.7879236306729274,0.022693333333333305,0.0,Low
Maharashtra,Maharashtra,3W,EV,6.6,,,0.7919999999999999,0.08592,0.3,140000,5,0.0,-15.310104225352111,0.00341333333333331,0.0,Low
Maharashtra,Maharashtra,3W,EV,10.33,,,1.2396,0.08592,0.3,140000,5,0.0,-15.310104225352111,0.00341333333333331,0.0,Low
Maharashtra,Maharashtra,3W,EV,12.47,,,1.4964,0.08592,0.3,140000,5,0.0,-15.310104225352111,0.00341333333333331,0.0,Low
Maharashtra,Maharashtra,3W,EV,6.44,,,0.7728,0.08592,0.3,140000,5,0.0,-15.310104225352111,0.00341333333333331,0.0,Low
Maharashtra,Maharashtra,3W,EV,10.07,,,1.2084,0.08592,0.3,140000,5,0.0,-15.310104225352111,0.00341333333333331,0.0,Low
Maharashtra,Maharashtra,3W,EV,12.16,,,1.4592,0.08592,0.3,140000,5,0.0,-15.310104225352111,0.00341333333333331,0.0,Low
Maharashtra,Maharashtra,3W,EV,1.0,,,0.12,0.08592,0.3,140000,5,0.0,-15.310104225352111,0.00341333333333331,0.0,Low
Maharashtra,Maharashtra,3W,EV,166.0,,,19.92,0.08592,0.3,140000,5,0.0,-15.310104225352111,0.00341333333333331,0.0,Low
Maharashtra,Maharashtra,3W,EV,804.0,,,96.48,0.08592,0.3,140000,5,0.0,-15.310104225352111,0.00341333333333331,0.0,Low
Maharashtra,Maharashtra,3W,EV,5.0,,,0.6,0.08592,0.3,140000,5,0.0,-15.310104225352111,0.00341333333333331,0.0,Low
Maharashtra,Maharashtra,3W,EV,3.0,,,0.36,0.08592,0.3,140000,5,0.0,-15.310104225352111,0.00341333333333331,0.0,Low
Maharashtra,Maharashtra,3W,EV,1.0,,,0.12,0.08592,0.3,140000,5,0.0,-15.310104225352111,0.00341333333333331,0.0,Low
Maharashtra,Maharashtra,3W,EV,1.0,,,0.12,0.08592,0.3,140000,5,0.0,-15.310104225352111,0.00341333333333331,0.0,Low
Maharashtra,Maharashtra,3W,EV,347.0,,,41.64,0.08592,0.3,140000,5,0.0,-15.310104225352111,0.00341333333333331,0.0,Low
Maharashtra,Maharashtra,3W,EV,83.0,,,9.96,0.08592,0.3,140000,5,0.0,-15.310104225352111,0.00341333333333331,0.0,Low
Maharashtra,Maharashtra,3W,EV,152.0,,,18.24,0.08592,0.3,140000,5,0.0,-15.310104225352111,0.00341333333333331,0.0,Low
Maharashtra,Maharashtra,3W,EV,9.0,,,1.08,0.08592,0.3,140000,5,0.0,-15.310104225352111,0.00341333333333331,0.0,Low
Maharashtra,Maharashtra,3W,EV,115.0,,,13.8,0.08592,0.3,140000,5,0.0,-15.310104225352111,0.00341333333333331,0.0,Low
Maharashtra,Maharashtra,3W,EV,170.0,,,20.4,0.08592,0.3,140000,5,0.0,-15.310104225352111,0.00341333333333331,0.0,Low
Maharashtra,Maharashtra,3W,EV,1.0,,,0.12,0.08592,0.3,140000,5,0.0,-15.310104225352111,0.00341333333333331,0.0,Low
Maharashtra,Maharashtra,3W,EV,170.0,,,20.4,0.08592,0.3,140000,5,0.0,-15.310104225352111,0.00341333333333331,0.0,Low
Maharashtra,Maharashtra,3W,EV,1.0,,,0.12,0.08592,0.3,140000,5,0.0,-15.310104225352111,0.00341333333333331,0.0,Low
Maharashtra,Maharashtra,3W,EV,5.0,,,0.6,0.08592,0.3,140000,5,0.0,-15.310104225352111,0.00341333333333331,0.0,Low
Maharashtra,Maharashtra,3W,EV,3.0,,,0.36,0.08592,0.3,140000,5,0.0,-15.310104225352111,0.00341333333333331,0.0,Low
Maharashtra,Maharashtra,3W,EV,1.0,,,0.12,0.08592,0.3,140000,5,0.0,-15.310104225352111,0.00341333333333331,0.0,Low
Maharashtra,Maharashtra,3W,EV,1.0,,,0.12,0.08592,0.3,140000,5,0.0,-15.310104225352111,0.00341333333333331,0.0,Low
Maharashtra,Maharashtra,3W,EV,358.0,,,42.96,0.08592,0.3,140000,5,0.0,-15.310104225352111,0.00341333333333331,0.0,Low
Maharashtra,Maharashtra,3W,EV,85.0,,,10.2,0.08592,0.3,140000,5,0.0,-15.310104225352111,0.00341333333333331,0.0,Low
Maharashtra,Maharashtra,3W,EV,157.0,,,18.84,0.08592,0.3,140000,5,0.0,-15.310104225352111,0.00341333333333331,0.0,Low
Maharashtra,Maharashtra,3W,EV,10.0,,,1.2,0.08592,0.3,140000,5,0.0,-15.310104225352111,0.00341333333333331,0.0,Low
Maharashtra,Maharashtra,3W,EV,114.0,,,13.68,0.08592,0.3,140000,5,0.0,-15.310104225352111,0.00341333333333331,0.0,Low
Maharashtra,Maharashtra,3W,EV,273.0,,,32.76,0.08592,0.3,140000,5,0.0,-15.310104225352111,0.00341333333333331,0.0,Low
Maharashtra,Maharashtra,3W,EV,1.0,,,0.12,0.08592,0.3,140000,5,0.0,-15.310104225352111,0.00341333333333331,0.0,Low
Maharashtra,Maharashtra,3W,EV,174.0,,,20.88,0.08592,0.3,140000,5,0.0,-15.310104225352111,0.00341333333333331,0.0,Low
Maharashtra,Maharashtra,3W,EV,1.0,,,0.12,0.08592,0.3,140000,5,0.0,-15.310104225352111,0.00341333333333331,0.0,Low
Maharashtra,Maharashtra,3W,EV,5.0,,,0.6,0.08592,0.3,140000,5,0.0,-15.310104225352111,0.00341333333333331,0.0,Low
Maharashtra,Maharashtra,3W,EV,3.0,,,0.36,0.08592,0.3,140000,5,0.0,-15.310104225352111,0.00341333333333331,0.0,Low
Maharashtra,Maharashtra,3W,EV,996.0,,,119.52,0.08592,0.3,140000,5,0.0,-15.310104225352111,0.00341333333333331,0.0,Low
Maharashtra,Maharashtra,3W,EV,1.0,,,0.12,0.08592,0.3,140000,5,0.0,-15.310104225352111,0.00341333333333331,0.0,Low
Maharashtra,Maharashtra,3W,EV,375.0,,,45.0,0.08592,0.3,140000,5,0.0,-15.310104225352111,0.00341333333333331,0.0,Low
Maharashtra,Maharashtra,3W,EV,89.0,,,10.68,0.08592,0.3,140000,5,0.0,-15.310104225352111,0.00341333333333331,0.0,Low
Maharashtra,Maharashtra,3W,EV,163.0,,,19.56,0.08592,0.3,140000,5,0.0,-15.310104225352111,0.00341333333333331,0.0,Low
Maharashtra,Maharashtra,3W,EV,10.0,,,1.2,0.08592,0.3,140000,5,0.0,-15.310104225352111,0.00341333333333331,0.0,Low
Maharashtra,Maharashtra,3W,EV,115.0,,,13.8,0.08592,0.3,140000,5,0.0,-15.310104225352111,0.00341333333333331,0.0,Low
Maharashtra,Maharashtra,3W,EV,410.0,,,49.2,0.08592,0.3,140000,5,0.0,-15.310104225352111,0.00341333333333331,0.0,Low
Maharashtra,Maharashtra,3W,EV,2.0,,,0.24,0.08592,0.3,140000,5,0.0,-15.310104225352111,0.00341333333333331,0.0,Low
Maharashtra,Maharashtra,3W,EV,179.0,,,21.48,0.08592,0.3,140000,5,0.0,-15.310104225352111,0.00341333333333331,0.0,Low
Maharashtra,Maharashtra,3W,EV,2.0,,,0.24,0.08592,0.3,140000,5,0.0,-15.310104225352111,0.00341333333333331,0.0,Low
Maharashtra,Maharashtra,3W,EV,5.0,,,0.6,0.08592,0.3,140000,5,0.0,-15.310104225352111,0.00341333333333331,0.0,Low
Maharashtra,Maharashtra,3W,EV,3.0,,,0.36,0.08592,0.3,140000,5,0.0,-15.310104225352111,0.00341333333333331,0.0,Low
Maharashtra,Maharashtra,3W,EV,977.0,,,117.24,0.08592,0.3,140000,5,0.0,-15.310104225352111,0.00341333333333331,0.0,Low
Maharashtra,Maharashtra,3W,EV,1.0,,,0.12,0.08592,0.3,140000,5,0.0,-15.310104225352111,0.00341333333333331,0.0,Low
Maharashtra,Maharashtra,3W,EV,395.0,,,47.4,0.08592,0.3,140000,5,0.0,-15.310104225352111,0.00341333333333331,0.0,Low
Maharashtra,Maharashtra,3W,EV,93.0,,,11.16,0.08592,0.3,140000,5,0.0,-15.310104225352111,0.00341333333333331,0.0,Low
Maharashtra,Maharashtra,3W,EV,172.0,,,20.64,0.08592,0.3,140000,5,0.0,-15.310104225352111,0.00341333333333331,0.0,Low
Maharashtra,Maharashtra,3W,EV,10.0,,,1.2,0.08592,0.3,140000,5,0.0,-15.310104225352111,0.00341333333333331,0.0,Low
Maharashtra,Maharashtra,3W,EV,117.0,,,14.04,0.08592,0.3,140000,5,0.0,-15.310104225352111,0.00341333333333331,0.0,Low
Maharashtra,Maharashtra,3W,EV,611.0,,,73.32,0.08592,0.3,140000,5,0.0,-15.310104225352111,0.00341333333333331,0.0,Low
Maharashtra,Maharashtra,3W,EV,2.0,,,0.24,0.08592,0.3,140000,5,0.0,-15.310104225352111,0.00341333333333331,0.0,Low
Maharashtra,Maharashtra,3W,EV,184.0,,,22.08,0.08592,0.3,140000,5,0.0,-15.310104225352111,0.00341333333333331,0.0,Low
Maharashtra,Maharashtra,3W,EV,3.0,,,0.36,0.08592,0.3,140000,5,0.0,-15.310104225352111,0.00341333333333331,0.0,Low
Maharashtra,Maharashtra,3W,EV,5.0,,,0.6,0.08592,0.3,140000,5,0.0,-15.310104225352111,0.00341333333333331,0.0,Low
Maharashtra,Maharashtra,3W,EV,4.0,,,0.48,0.08592,0.3,140000,5,0.0,-15.310104225352111,0.00341333333333331,0.0,Low
Maharashtra,Maharashtra,3W,EV,930.0,,,111.6,0.08592,0.3,140000,5,0.0,-15.310104225352111,0.00341333333333331,0.0,Low
Maharashtra,Maharashtra,3W,EV,1.0,,,0.12,0.08592,0.3,140000,5,0.0,-15.310104225352111,0.00341333333333331,0.0,Low
Maharashtra,Maharashtra,3W,EV,415.0,,,49.8,0.08592,0.3,140000,5,0.0,-15.310104225352111,0.00341333333333331,0.0,Low
Maharashtra,Maharashtra,3W,EV,98.0,,,11.76,0.08592,0.3,140000,5,0.0,-15.310104225352111,0.00341333333333331,0.0,Low
Maharashtra,Maharashtra,3W,EV,180.0,,,21.6,0.08592,0.3,140000,5,0.0,-15.310104225352111,0.00341333333333331,0.0,Low
Maharashtra,Maharashtra,3W,EV,10.0,,,1.2,0.08592,0.3,140000,5,0.0,-15.310104225352111,0.00341333333333331,0.0,Low
Maharashtra,Maharashtra,3W,EV,119.0,,,14.28,0.08592,0.3,140000,5,0.0,-15.310104225352111,0.00341333333333331,0.0,Low
Maharashtra,Maharashtra,3W,EV,879.0,,,105.48,0.08592,0.3,140000,5,0.0,-15.310104225352111,0.00341333333333331,0.0,Low
Maharashtra,Maharashtra,3W,ICE,6.6,,,3.001,0.0893333333333333,1.8,25000,7,0.0,-15.310104225352111,0.00341333333333331,0.0,Low
Maharashtra,Maharashtra,3W,ICE,10.33,,,3.001,0.0893333333333333,1.8,25000,7,0.0,-15.310104225352111,0.00341333333333331,0.0,Low
Maharashtra,Maharashtra,3W,ICE,12.47,,,3.001,0.0893333333333333,1.8,25000,7,0.0,-15.310104225352111,0.00341333333333331,0.0,Low
Maharashtra,Maharashtra,3W,ICE,6.44,,,3.001,0.0893333333333333,1.8,25000,7,0.0,-15.310104225352111,0.00341333333333331,0.0,Low
Maharashtra,Maharashtra,3W,ICE,10.07,,,3.001,0.0893333333333333,1.8,25000,7,0.0,-15.310104225352111,0.00341333333333331,0.0,Low
Maharashtra,Maharashtra,3W,ICE,12.16,,,3.001,0.0893333333333333,1.8,25000,7,0.0,-15.310104225352111,0.00341333333333331,0.0,Low
Maharashtra,Maharashtra,3W,ICE,1.0,,,3.001,0.0893333333333333,1.8,25000,7,0.0,-15.310104225352111,0.00341333333333331,0.0,Low
Maharashtra,Maharashtra,3W,ICE,166.0,,,3.001,0.0893333333333333,1.8,25000,7,0.0,-15.310104225352111,0.00341333333333331,0.0,Low
Maharashtra,Maharashtra,3W,ICE,804.0,,,3.001,0.0893333333333333,1.8,25000,7,0.0,-15.310104225352111,0.00341333333333331,0.0,Low
Maharashtra,Maharashtra,3W,ICE,5.0,,,3.001,0.0893333333333333,1.8,25000,7,0.0,-15.310104225352111,0.00341333333333331,0.0,Low
Maharashtra,Maharashtra,3W,ICE,3.0,,,3.001,0.0893333333333333,1.8,25000,7,0.0,-15.310104225352111,0.00341333333333331,0.0,Low
Maharashtra,Maharashtra,3W,ICE,1.0,,,3.001,0.0893333333333333,1.8,25000,7,0.0,-15.310104225352111,0.00341333333333331,0.0,Low
Maharashtra,Maharashtra,3W,ICE,1.0,,,3.001,0.0893333333333333,1.8,25000,7,0.0,-15.310104225352111,0.00341333333333331,0.0,Low
Maharashtra,Maharashtra,3W,ICE,347.0,,,3.001,0.0893333333333333,1.8,25000,7,0.0,-15.310104225352111,0.00341333333333331,0.0,Low
Maharashtra,Maharashtra,3W,ICE,83.0,,,3.001,0.0893333333333333,1.8,25000,7,0.0,-15.310104225352111,0.00341333333333331,0.0,Low
Maharashtra,Maharashtra,3W,ICE,152.0,,,3.001,0.0893333333333333,1.8,25000,7,0.0,-15.310104225352111,0.00341333333333331,0.0,Low
Maharashtra,Maharashtra,3W,ICE,9.0,,,3.001,0.0893333333333333,1.8,25000,7,0.0,-15.310104225352111,0.00341333333333331,0.0,Low
Maharashtra,Maharashtra,3W,ICE,115.0,,,3.001,0.0893333333333333,1.8,25000,7,0.0,-15.310104225352111,0.00341333333333331,0.0,Low
Maharashtra,Maharashtra,3W,ICE,170.0,,,3.001,0.0893333333333333,1.8,25000,7,0.0,-15.310104225352111,0.00341333333333331,0.0,Low
Maharashtra,Maharashtra,3W,ICE,1.0,,,3.001,0.0893333333333333,1.8,25000,7,0.0,-15.310104225352111,0.00341333333333331,0.0,Low
Maharashtra,Maharashtra,3W,ICE,170.0,,,3.001,0.0893333333333333,1.8,25000,7,0.0,-15.310104225352111,0.00341333333333331,0.0,Low
Maharashtra,Maharashtra,3W,ICE,1.0,,,3.001,0.0893333333333333,1.8,25000,7,0.0,-15.310104225352111,0.00341333333333331,0.0,Low
Maharashtra,Maharashtra,3W,ICE,5.0,,,3.001,0.0893333333333333,1.8,25000,7,0.0,-15.310104225352111,0.00341333333333331,0.0,Low
Maharashtra,Maharashtra,3W,ICE,3.0,,,3.001,0.0893333333333333,1.8,25000,7,0.0,-15.310104225352111,0.00341333333333331,0.0,Low
Maharashtra,Maharashtra,3W,ICE,1.0,,,3.001,0.0893333333333333,1.8,25000,7,0.0,-15.310104225352111,0.00341333333333331,0.0,Low
Maharashtra,Maharashtra,3W,ICE,1.0,,,3.001,0.0893333333333333,1.8,25000,7,0.0,-15.310104225352111,0.00341333333333331,0.0,Low
Maharashtra,Maharashtra,3W,ICE,358.0,,,3.001,0.0893333333333333,1.8,25000,7,0.0,-15.310104225352111,0.00341333333333331,0.0,Low
Maharashtra,Maharashtra,3W,ICE,85.0,,,3.001,0.0893333333333333,1.8,25000,7,0.0,-15.310104225352111,0.00341333333333331,0.0,Low
Maharashtra,Maharashtra,3W,ICE,157.0,,,3.001,0.0893333333333333,1.8,25000,7,0.0,-15.310104225352111,0.00341333333333331,0.0,Low
Maharashtra,Maharashtra,3W,ICE,10.0,,,3.001,0.0893333333333333,1.8,25000,7,0.0,-15.310104225352111,0.00341333333333331,0.0,Low
Maharashtra,Maharashtra,3W,ICE,114.0,,,3.001,0.0893333333333333,1.8,25000,7,0.0,-15.310104225352111,0.00341333333333331,0.0,Low
Maharashtra,Maharashtra,3W,ICE,273.0,,,3.001,0.0893333333333333,1.8,25000,7,0.0,-15.310104225352111,0.00341333333333331,0.0,Low
Maharashtra,Maharashtra,3W,ICE,1.0,,,3.001,0.0893333333333333,1.8,25000,7,0.0,-15.310104225352111,0.00341333333333331,0.0,Low
Maharashtra,Maharashtra,3W,ICE,174.0,,,3.001,0.0893333333333333,1.8,25000,7,0.0,-15.310104225352111,0.00341333333333331,0.0,Low
Maharashtra,Maharashtra,3W,ICE,1.0,,,3.001,0.0893333333333333,1.8,25000,7,0.0,-15.310104225352111,0.00341333333333331,0.0,Low
Maharashtra,Maharashtra,3W,ICE,5.0,,,3.001,0.0893333333333333,1.8,25000,7,0.0,-15.310104225352111,0.00341333333333331,0.0,Low
Maharashtra,Maharashtra,3W,ICE,3.0,,,3.001,0.0893333333333333,1.8,25000,7,0.0,-15.310104225352111,0.00341333333333331,0.0,Low
Maharashtra,Maharashtra,3W,ICE,996.0,,,3.001,0.0893333333333333,1.8,25000,7,0.0,-15.310104225352111,0.00341333333333331,0.0,Low
Maharashtra,Maharashtra,3W,ICE,1.0,,,3.001,0.0893333333333333,1.8,25000,7,0.0,-15.310104225352111,0.00341333333333331,0.0,Low
Maharashtra,Maharashtra,3W,ICE,375.0,,,3.001,0.0893333333333333,1.8,25000,7,0.0,-15.310104225352111,0.00341333333333331,0.0,Low
Maharashtra,Maharashtra,3W,ICE,89.0,,,3.001,0.0893333333333333,1.8,25000,7,0.0,-15.310104225352111,0.00341333333333331,0.0,Low
Maharashtra,Maharashtra,3W,ICE,163.0,,,3.001,0.0893333333333333,1.8,25000,7,0.0,-15.310104225352111,0.00341333333333331,0.0,Low
Maharashtra,Maharashtra,3W,ICE,10.0,,,3.001,0.0893333333333333,1.8,25000,7,0.0,-15.310104225352111,0.00341333333333331,0.0,Low
Maharashtra,Maharashtra,3W,ICE,115.0,,,3.001,0.0893333333333333,1.8,25000,7,0.0,-15.310104225352111,0.00341333333333331,0.0,Low
Maharashtra,Maharashtra,3W,ICE,410.0,,,3.001,0.0893333333333333,1.8,25000,7,0.0,-15.310104225352111,0.00341333333333331,0.0,Low
Maharashtra,Maharashtra,3W,ICE,2.0,,,3.001,0.0893333333333333,1.8,25000,7,0.0,-15.310104225352111,0.00341333333333331,0.0,Low
Maharashtra,Maharashtra,3W,ICE,179.0,,,3.001,0.0893333333333333,1.8,25000,7,0.0,-15.310104225352111,0.00341333333333331,0.0,Low
Maharashtra,Maharashtra,3W,ICE,2.0,,,3.001,0.0893333333333333,1.8,25000,7,0.0,-15.310104225352111,0.00341333333333331,0.0,Low
Maharashtra,Maharashtra,3W,ICE,5.0,,,3.001,0.0893333333333333,1.8,25000,7,0.0,-15.310104225352111,0.00341333333333331,0.0,Low
Maharashtra,Maharashtra,3W,ICE,3.0,,,3.001,0.0893333333333333,1.8,25000,7,0.0,-15.310104225352111,0.00341333333333331,0.0,Low
Maharashtra,Maharashtra,3W,ICE,977.0,,,3.001,0.0893333333333333,1.8,25000,7,0.0,-15.310104225352111,0.00341333333333331,0.0,Low
Maharashtra,Maharashtra,3W,ICE,1.0,,,3.001,0.0893333333333333,1.8,25000,7,0.0,-15.310104225352111,0.00341333333333331,0.0,Low
Maharashtra,Maharashtra,3W,ICE,395.0,,,3.001,0.0893333333333333,1.8,25000,7,0.0,-15.310104225352111,0.00341333333333331,0.0,Low
Maharashtra,Maharashtra,3W,ICE,93.0,,,3.001,0.0893333333333333,1.8,25000,7,0.0,-15.310104225352111,0.00341333333333331,0.0,Low
Maharashtra,Maharashtra,3W,ICE,172.0,,,3.001,0.0893333333333333,1.8,25000,7,0.0,-15.310104225352111,0.00341333333333331,0.0,Low
Maharashtra,Maharashtra,3W,ICE,10.0,,,3.001,0.0893333333333333,1.8,25000,7,0.0,-15.310104225352111,0.00341333333333331,0.0,Low
Maharashtra,Maharashtra,3W,ICE,117.0,,,3.001,0.0893333333333333,1.8,25000,7,0.0,-15.310104225352111,0.00341333333333331,0.0,Low
Maharashtra,Maharashtra,3W,ICE,611.0,,,3.001,0.0893333333333333,1.8,25000,7,0.0,-15.310104225352111,0.00341333333333331,0.0,Low
Maharashtra,Maharashtra,3W,ICE,2.0,,,3.001,0.0893333333333333,1.8,25000,7,0.0,-15.310104225352111,0.00341333333333331,0.0,Low
Maharashtra,Maharashtra,3W,ICE,184.0,,,3.001,0.0893333333333333,1.8,25000,7,0.0,-15.310104225352111,0.00341333333333331,0.0,Low
Maharashtra,Maharashtra,3W,ICE,3.0,,,3.001,0.0893333333333333,1.8,25000,7,0.0,-15.310104225352111,0.00341333333333331,0.0,Low
Maharashtra,Maharashtra,3W,ICE,5.0,,,3.001,0.0893333333333333,1.8,25000,7,0.0,-15.310104225352111,0.00341333333333331,0.0,Low
Maharashtra,Maharashtra,3W,ICE,4.0,,,3.001,0.0893333333333333,1.8,25000,7,0.0,-15.310104225352111,0.00341333333333331,0.0,Low
Maharashtra,Maharashtra,3W,ICE,930.0,,,3.001,0.0893333333333333,1.8,25000,7,0.0,-15.310104225352111,0.00341333333333331,0.0,Low
Maharashtra,Maharashtra,3W,ICE,1.0,,,3.001,0.0893333333333333,1.8,25000,7,0.0,-15.310104225352111,0.00341333333333331,0.0,Low
Maharashtra,Maharashtra,3W,ICE,415.0,,,3.001,0.0893333333333333,1.8,25000,7,0.0,-15.310104225352111,0.00341333333333331,0.0,Low
Maharashtra,Maharashtra,3W,ICE,98.0,,,3.001,0.0893333333333333,1.8,25000,7,0.0,-15.310104225352111,0.00341333333333331,0.0,Low
Maharashtra,Maharashtra,3W,ICE,180.0,,,3.001,0.0893333333333333,1.8,25000,7,0.0,-15.310104225352111,0.00341333333333331,0.0,Low
Maharashtra,Maharashtra,3W,ICE,10.0,,,3.001,0.0893333333333333,1.8,25000,7,0.0,-15.310104225352111,0.00341333333333331,0.0,Low
Maharashtra,Maharashtra,3W,ICE,119.0,,,3.001,0.0893333333333333,1.8,25000,7,0.0,-15.310104225352111,0.00341333333333331,0.0,Low
Maharashtra,Maharashtra,3W,ICE,879.0,,,3.001,0.0893333333333333,1.8,25000,7,0.0,-15.310104225352111,0.00341333333333331,0.0,Low
Maharashtra,Maharashtra,4W,EV,6.6,,,0.99,0.1074,0.8,400000,8,0.0,-18.38738028169014,0.026600000000000013,0.0,Low
Maharashtra,Maharashtra,4W,EV,10.33,,,1.5495,0.1074,0.8,400000,8,0.0,-18.38738028169014,0.026600000000000013,0.0,Low
Maharashtra,Maharashtra,4W,EV,12.47,,,1.8705,0.1074,0.8,400000,8,0.0,-18.38738028169014,0.026600000000000013,0.0,Low
Maharashtra,Maharashtra,4W,EV,6.44,,,0.966,0.1074,0.8,400000,8,0.0,-18.38738028169014,0.026600000000000013,0.0,Low
Maharashtra,Maharashtra,4W,EV,10.07,,,1.5105,0.1074,0.8,400000,8,0.0,-18.38738028169014,0.026600000000000013,0.0,Low
Maharashtra,Maharashtra,4W,EV,12.16,,,1.824,0.1074,0.8,400000,8,0.0,-18.38738028169014,0.026600000000000013,0.0,Low
Maharashtra,Maharashtra,4W,EV,1.0,,,0.15,0.1074,0.8,400000,8,0.0,-18.38738028169014,0.026600000000000013,0.0,Low
Maharashtra,Maharashtra,4W,EV,166.0,,,24.9,0.1074,0.8,400000,8,0.0,-18.38738028169014,0.026600000000000013,0.0,Low
Maharashtra,Maharashtra,4W,EV,804.0,,,120.6,0.1074,0.8,400000,8,0.0,-18.38738028169014,0.026600000000000013,0.0,Low
Maharashtra,Maharashtra,4W,EV,5.0,,,0.75,0.1074,0.8,400000,8,0.0,-18.38738028169014,0.026600000000000013,0.0,Low
Maharashtra,Maharashtra,4W,EV,3.0,,,0.4499999999999999,0.1074,0.8,400000,8,0.0,-18.38738028169014,0.026600000000000013,0.0,Low
Maharashtra,Maharashtra,4W,EV,1.0,,,0.15,0.1074,0.8,400000,8,0.0,-18.38738028169014,0.026600000000000013,0.0,Low
Maharashtra,Maharashtra,4W,EV,1.0,,,0.15,0.1074,0.8,400000,8,0.0,-18.38738028169014,0.026600000000000013,0.0,Low
Maharashtra,Maharashtra,4W,EV,347.0,,,52.05,0.1074,0.8,400000,8,0.0,-18.38738028169014,0.026600000000000013,0.0,Low
Maharashtra,Maharashtra,4W,EV,83.0,,,12.45,0.1074,0.8,400000,8,0.0,-18.38738028169014,0.026600000000000013,0.0,Low
Maharashtra,Maharashtra,4W,EV,152.0,,,22.8,0.1074,0.8,400000,8,0.0,-18.38738028169014,0.026600000000000013,0.0,Low
Maharashtra,Maharashtra,4W,EV,9.0,,,1.35,0.1074,0.8,400000,8,0.0,-18.38738028169014,0.026600000000000013,0.0,Low
Maharashtra,Maharashtra,4W,EV,115.0,,,17.25,0.1074,0.8,400000,8,0.0,-18.38738028169014,0.026600000000000013,0.0,Low
Maharashtra,Maharashtra,4W,EV,170.0,,,25.5,0.1074,0.8,400000,8,0.0,-18.38738028169014,0.026600000000000013,0.0,Low
Maharashtra,Maharashtra,4W,EV,1.0,,,0.15,0.1074,0.8,400000,8,0.0,-18.38738028169014,0.026600000000000013,0.0,Low
Maharashtra,Maharashtra,4W,EV,170.0,,,25.5,0.1074,0.8,400000,8,0.0,-18.38738028169014,0.026600000000000013,0.0,Low
Maharashtra,Maharashtra,4W,EV,1.0,,,0.15,0.1074,0.8,400000,8,0.0,-18.38738028169014,0.026600000000000013,0.0,Low
Maharashtra,Maharashtra,4W,EV,5.0,,,0.75,0.1074,0.8,400000,8,0.0,-18.38738028169014,0.026600000000000013,0.0,Low
Maharashtra,Maharashtra,4W,EV,3.0,,,0.4499999999999999,0.1074,0.8,400000,8,0.0,-18.38738028169014,0.026600000000000013,0.0,Low
Maharashtra,Maharashtra,4W,EV,1.0,,,0.15,0.1074,0.8,400000,8,0.0,-18.38738028169014,0.026600000000000013,0.0,Low
Maharashtra,Maharashtra,4W,EV,1.0,,,0.15,0.1074,0.8,400000,8,0.0,-18.38738028169014,0.026600000000000013,0.0,Low
Maharashtra,Maharashtra,4W,EV,358.0,,,53.7,0.1074,0.8,400000,8,0.0,-18.38738028169014,0.026600000000000013,0.0,Low
Maharashtra,Maharashtra,4W,EV,85.0,,,12.75,0.1074,0.8,400000,8,0.0,-18.38738028169014,0.026600000000000013,0.0,Low
Maharashtra,Maharashtra,4W,EV,157.0,,,23.55,0.1074,0.8,400000,8,0.0,-18.38738028169014,0.026600000000000013,0.0,Low
Maharashtra,Maharashtra,4W,EV,10.0,,,1.5,0.1074,0.8,400000,8,0.0,-18.38738028169014,0.026600000000000013,0.0,Low
Maharashtra,Maharashtra,4W,EV,114.0,,,17.099999999999998,0.1074,0.8,400000,8,0.0,-18.38738028169014,0.026600000000000013,0.0,Low
Maharashtra,Maharashtra,4W,EV,273.0,,,40.95,0.1074,0.8,400000,8,0.0,-18.38738028169014,0.026600000000000013,0.0,Low
Maharashtra,Maharashtra,4W,EV,1.0,,,0.15,0.1074,0.8,400000,8,0.0,-18.38738028169014,0.026600000000000013,0.0,Low
Maharashtra,Maharashtra,4W,EV,174.0,,,26.1,0.1074,0.8,400000,8,0.0,-18.38738028169014,0.026600000000000013,0.0,Low
Maharashtra,Maharashtra,4W,EV,1.0,,,0.15,0.1074,0.8,400000,8,0.0,-18.38738028169014,0.026600000000000013,0.0,Low
Maharashtra,Maharashtra,4W,EV,5.0,,,0.75,0.1074,0.8,400000,8,0.0,-18.38738028169014,0.026600000000000013,0.0,Low
Maharashtra,Maharashtra,4W,EV,3.0,,,0.4499999999999999,0.1074,0.8,400000,8,0.0,-18.38738028169014,0.026600000000000013,0.0,Low
Maharashtra,Maharashtra,4W,EV,996.0,,,149.4,0.1074,0.8,400000,8,0.0,-18.38738028169014,0.026600000000000013,0.0,Low
Maharashtra,Maharashtra,4W,EV,1.0,,,0.15,0.1074,0.8,400000,8,0.0,-18.38738028169014,0.026600000000000013,0.0,Low
Maharashtra,Maharashtra,4W,EV,375.0,,,56.25,0.1074,0.8,400000,8,0.0,-18.38738028169014,0.026600000000000013,0.0,Low
Maharashtra,Maharashtra,4W,EV,89.0,,,13.35,0.1074,0.8,400000,8,0.0,-18.38738028169014,0.026600000000000013,0.0,Low
Maharashtra,Maharashtra,4W,EV,163.0,,,24.45,0.1074,0.8,400000,8,0.0,-18.38738028169014,0.026600000000000013,0.0,Low
Maharashtra,Maharashtra,4W,EV,10.0,,,1.5,0.1074,0.8,400000,8,0.0,-18.38738028169014,0.026600000000000013,0.0,Low
Maharashtra,Maharashtra,4W,EV,115.0,,,17.25,0.1074,0.8,400000,8,0.0,-18.38738028169014,0.026600000000000013,0.0,Low
Maharashtra,Maharashtra,4W,EV,410.0,,,61.5,0.1074,0.8,400000,8,0.0,-18.38738028169014,0.026600000000000013,0.0,Low
Maharashtra,Maharashtra,4W,EV,2.0,,,0.3,0.1074,0.8,400000,8,0.0,-18.38738028169014,0.026600000000000013,0.0,Low
Maharashtra,Maharashtra,4W,EV,179.0,,,26.85,0.1074,0.8,400000,8,0.0,-18.38738028169014,0.026600000000000013,0.0,Low
Maharashtra,Maharashtra,4W,EV,2.0,,,0.3,0.1074,0.8,400000,8,0.0,-18.38738028169014,0.026600000000000013,0.0,Low
Maharashtra,Maharashtra,4W,EV,5.0,,,0.75,0.1074,0.8,400000,8,0.0,-18.38738028169014,0.026600000000000013,0.0,Low
Maharashtra,Maharashtra,4W,EV,3.0,,,0.4499999999999999,0.1074,0.8,400000,8,0.0,-18.38738028169014,0.026600000000000013,0.0,Low
Maharashtra,Maharashtra,4W,EV,977.0,,,146.54999999999998,0.1074,0.8,400000,8,0.0,-18.38738028169014,0.026600000000000013,0.0,Low
Maharashtra,Maharashtra,4W,EV,1.0,,,0.15,0.1074,0.8,400000,8,0.0,-18.38738028169014,0.026600000000000013,0.0,Low
Maharashtra,Maharashtra,4W,EV,395.0,,,59.25,0.1074,0.8,400000,8,0.0,-18.38738028169014,0.026600000000000013,0.0,Low
Maharashtra,Maharashtra,4W,EV,93.0,,,13.95,0.1074,0.8,400000,8,0.0,-18.38738028169014,0.026600000000000013,0.0,Low
Maharashtra,Maharashtra,4W,EV,172.0,,,25.8,0.1074,0.8,400000,8,0.0,-18.38738028169014,0.026600000000000013,0.0,Low
Maharashtra,Maharashtra,4W,EV,10.0,,,1.5,0.1074,0.8,400000,8,0.0,-18.38738028169014,0.026600000000000013,0.0,Low
Maharashtra,Maharashtra,4W,EV,117.0,,,17.55,0.1074,0.8,400000,8,0.0,-18.38738028169014,0.026600000000000013,0.0,Low
Maharashtra,Maharashtra,4W,EV,611.0,,,91.65,0.1074,0.8,400000,8,0.0,-18.38738028169014,0.026600000000000013,0.0,Low
Maharashtra,Maharashtra,4W,EV,2.0,,,0.3,0.1074,0.8,400000,8,0.0,-18.38738028169014,0.026600000000000013,0.0,Low
Maharashtra,Maharashtra,4W,EV,184.0,,,27.6,0.1074,0.8,400000,8,0.0,-18.38738028169014,0.026600000000000013,0.0,Low
Maharashtra,Maharashtra,4W,EV,3.0,,,0.4499999999999999,0.1074,0.8,400000,8,0.0,-18.38738028169014,0.026600000000000013,0.0,Low
Maharashtra,Maharashtra,4W,EV,5.0,,,0.75,0.1074,0.8,400000,8,0.0,-18.38738028169014,0.026600000000000013,0.0,Low
Maharashtra,Maharashtra,4W,EV,4.0,,,0.6,0.1074,0.8,400000,8,0.0,-18.38738028169014,0.026600000000000013,0.0,Low
Maharashtra,Maharashtra,4W,EV,930.0,,,139.5,0.1074,0.8,400000,8,0.0,-18.38738028169014,0.026600000000000013,0.0,Low
Maharashtra,Maharashtra,4W,EV,1.0,,,0.15,0.1074,0.8,400000,8,0.0,-18.38738028169014,0.026600000000000013,0.0,Low
Maharashtra,Maharashtra,4W,EV,415.0,,,62.25,0.1074,0.8,400000,8,0.0,-18.38738028169014,0.026600000000000013,0.0,Low
Maharashtra,Maharashtra,4W,EV,98.0,,,14.7,0.1074,0.8,400000,8,0.0,-18.38738028169014,0.026600000000000013,0.0,Low
Maharashtra,Maharashtra,4W,EV,180.0,,,27.0,0.1074,0.8,400000,8,0.0,-18.38738028169014,0.026600000000000013,0.0,Low
Maharashtra,Maharashtra,4W,EV,10.0,,,1.5,0.1074,0.8,400000,8,0.0,-18.38738028169014,0.026600000000000013,0.0,Low
Maharashtra,Maharashtra,4W,EV,119.0,,,17.849999999999998,0.1074,0.8,400000,8,0.0,-18.38738028169014,0.026600000000000013,0.0,Low
Maharashtra,Maharashtra,4W,EV,879.0,,,131.85,0.1074,0.8,400000,8,0.0,-18.38738028169014,0.026600000000000013,0.0,Low
Maharashtra,Maharashtra,4W,ICE,6.6,,,4.5015,0.134,3.5,75000,10,0.0,-18.38738028169014,0.026600000000000013,0.0,Low
Maharashtra,Maharashtra,4W,ICE,10.33,,,4.5015,0.134,3.5,75000,10,0.0,-18.38738028169014,0.026600000000000013,0.0,Low
Maharashtra,Maharashtra,4W,ICE,12.47,,,4.5015,0.134,3.5,75000,10,0.0,-18.38738028169014,0.026600000000000013,0.0,Low
Maharashtra,Maharashtra,4W,ICE,6.44,,,4.5015,0.134,3.5,75000,10,0.0,-18.38738028169014,0.026600000000000013,0.0,Low
Maharashtra,Maharashtra,4W,ICE,10.07,,,4.5015,0.134,3.5,75000,10,0.0,-18.38738028169014,0.026600000000000013,0.0,Low
Maharashtra,Maharashtra,4W,ICE,12.16,,,4.5015,0.134,3.5,75000,10,0.0,-18.38738028169014,0.026600000000000013,0.0,Low
Maharashtra,Maharashtra,4W,ICE,1.0,,,4.5015,0.134,3.5,75000,10,0.0,-18.38738028169014,0.026600000000000013,0.0,Low
Maharashtra,Maharashtra,4W,ICE,166.0,,,4.5015,0.134,3.5,75000,10,0.0,-18.38738028169014,0.026600000000000013,0.0,Low
Maharashtra,Maharashtra,4W,ICE,804.0,,,4.5015,0.134,3.5,75000,10,0.0,-18.38738028169014,0.026600000000000013,0.0,Low
Maharashtra,Maharashtra,4W,ICE,5.0,,,4.5015,0.134,3.5,75000,10,0.0,-18.38738028169014,0.026600000000000013,0.0,Low
Maharashtra,Maharashtra,4W,ICE,3.0,,,4.5015,0.134,3.5,75000,10,0.0,-18.38738028169014,0.026600000000000013,0.0,Low
Maharashtra,Maharashtra,4W,ICE,1.0,,,4.5015,0.134,3.5,75000,10,0.0,-18.38738028169014,0.026600000000000013,0.0,Low
Maharashtra,Maharashtra,4W,ICE,1.0,,,4.5015,0.134,3.5,75000,10,0.0,-18.38738028169014,0.026600000000000013,0.0,Low
Maharashtra,Maharashtra,4W,ICE,347.0,,,4.5015,0.134,3.5,75000,10,0.0,-18.38738028169014,0.026600000000000013,0.0,Low
Maharashtra,Maharashtra,4W,ICE,83.0,,,4.5015,0.134,3.5,75000,10,0.0,-18.38738028169014,0.026600000000000013,0.0,Low
Maharashtra,Maharashtra,4W,ICE,152.0,,,4.5015,0.134,3.5,75000,10,0.0,-18.38738028169014,0.026600000000000013,0.0,Low
Maharashtra,Maharashtra,4W,ICE,9.0,,,4.5015,0.134,3.5,75000,10,0.0,-18.38738028169014,0.026600000000000013,0.0,Low
Maharashtra,Maharashtra,4W,ICE,115.0,,,4.5015,0.134,3.5,75000,10,0.0,-18.38738028169014,0.026600000000000013,0.0,Low
Maharashtra,Maharashtra,4W,ICE,170.0,,,4.5015,0.134,3.5,75000,10,0.0,-18.38738028169014,0.026600000000000013,0.0,Low
Maharashtra,Maharashtra,4W,ICE,1.0,,,4.5015,0.134,3.5,75000,10,0.0,-18.38738028169014,0.026600000000000013,0.0,Low
Maharashtra,Maharashtra,4W,ICE,170.0,,,4.5015,0.134,3.5,75000,10,0.0,-18.38738028169014,0.026600000000000013,0.0,Low
Maharashtra,Maharashtra,4W,ICE,1.0,,,4.5015,0.134,3.5,75000,10,0.0,-18.38738028169014,0.026600000000000013,0.0,Low
Maharashtra,Maharashtra,4W,ICE,5.0,,,4.5015,0.134,3.5,75000,10,0.0,-18.38738028169014,0.026600000000000013,0.0,Low
Maharashtra,Maharashtra,4W,ICE,3.0,,,4.5015,0.134,3.5,75000,10,0.0,-18.38738028169014,0.026600000000000013,0.0,Low
Maharashtra,Maharashtra,4W,ICE,1.0,,,4.5015,0.134,3.5,75000,10,0.0,-18.38738028169014,0.026600000000000013,0.0,Low
Maharashtra,Maharashtra,4W,ICE,1.0,,,4.5015,0.134,3.5,75000,10,0.0,-18.38738028169014,0.026600000000000013,0.0,Low
Maharashtra,Maharashtra,4W,ICE,358.0,,,4.5015,0.134,3.5,75000,10,0.0,-18.38738028169014,0.026600000000000013,0.0,Low
Maharashtra,Maharashtra,4W,ICE,85.0,,,4.5015,0.134,3.5,75000,10,0.0,-18.38738028169014,0.026600000000000013,0.0,Low
Maharashtra,Maharashtra,4W,ICE,157.0,,,4.5015,0.134,3.5,75000,10,0.0,-18.38738028169014,0.026600000000000013,0.0,Low
Maharashtra,Maharashtra,4W,ICE,10.0,,,4.5015,0.134,3.5,75000,10,0.0,-18.38738028169014,0.026600000000000013,0.0,Low
Maharashtra,Maharashtra,4W,ICE,114.0,,,4.5015,0.134,3.5,75000,10,0.0,-18.38738028169014,0.026600000000000013,0.0,Low
Maharashtra,Maharashtra,4W,ICE,273.0,,,4.5015,0.134,3.5,75000,10,0.0,-18.38738028169014,0.026600000000000013,0.0,Low
Maharashtra,Maharashtra,4W,ICE,1.0,,,4.5015,0.134,3.5,75000,10,0.0,-18.38738028169014,0.026600000000000013,0.0,Low
Maharashtra,Maharashtra,4W,ICE,174.0,,,4.5015,0.134,3.5,75000,10,0.0,-18.38738028169014,0.026600000000000013,0.0,Low
Maharashtra,Maharashtra,4W,ICE,1.0,,,4.5015,0.134,3.5,75000,10,0.0,-18.38738028169014,0.026600000000000013,0.0,Low
Maharashtra,Maharashtra,4W,ICE,5.0,,,4.5015,0.134,3.5,75000,10,0.0,-18.38738028169014,0.026600000000000013,0.0,Low
Maharashtra,Maharashtra,4W,ICE,3.0,,,4.5015,0.134,3.5,75000,10,0.0,-18.38738028169014,0.026600000000000013,0.0,Low
Maharashtra,Maharashtra,4W,ICE,996.0,,,4.5015,0.134,3.5,75000,10,0.0,-18.38738028169014,0.026600000000000013,0.0,Low
Maharashtra,Maharashtra,4W,ICE,1.0,,,4.5015,0.134,3.5,75000,10,0.0,-18.38738028169014,0.026600000000000013,0.0,Low
Maharashtra,Maharashtra,4W,ICE,375.0,,,4.5015,0.134,3.5,75000,10,0.0,-18.38738028169014,0.026600000000000013,0.0,Low
Maharashtra,Maharashtra,4W,ICE,89.0,,,4.5015,0.134,3.5,75000,10,0.0,-18.38738028169014,0.026600000000000013,0.0,Low
Maharashtra,Maharashtra,4W,ICE,163.0,,,4.5015,0.134,3.5,75000,10,0.0,-18.38738028169014,0.026600000000000013,0.0,Low
Maharashtra,Maharashtra,4W,ICE,10.0,,,4.5015,0.134,3.5,75000,10,0.0,-18.38738028169014,0.026600000000000013,0.0,Low
Maharashtra,Maharashtra,4W,ICE,115.0,,,4.5015,0.134,3.5,75000,10,0.0,-18.38738028169014,0.026600000000000013,0.0,Low
Maharashtra,Maharashtra,4W,ICE,410.0,,,4.5015,0.134,3.5,75000,10,0.0,-18.38738028169014,0.026600000000000013,0.0,Low
Maharashtra,Maharashtra,4W,ICE,2.0,,,4.5015,0.134,3.5,75000,10,0.0,-18.38738028169014,0.026600000000000013,0.0,Low
Maharashtra,Maharashtra,4W,ICE,179.0,,,4.5015,0.134,3.5,75000,10,0.0,-18.38738028169014,0.026600000000000013,0.0,Low
Maharashtra,Maharashtra,4W,ICE,2.0,,,4.5015,0.134,3.5,75000,10,0.0,-18.38738028169014,0.026600000000000013,0.0,Low
Maharashtra,Maharashtra,4W,ICE,5.0,,,4.5015,0.134,3.5,75000,10,0.0,-18.38738028169014,0.026600000000000013,0.0,Low
Maharashtra,Maharashtra,4W,ICE,3.0,,,4.5015,0.134,3.5,75000,10,0.0,-18.38738028169014,0.026600000000000013,0.0,Low
Maharashtra,Maharashtra,4W,ICE,977.0,,,4.5015,0.134,3.5,75000,10,0.0,-18.38738028169014,0.026600000000000013,0.0,Low
Maharashtra,Maharashtra,4W,ICE,1.0,,,4.5015,0.134,3.5,75000,10,0.0,-18.38738028169014,0.026600000000000013,0.0,Low
Maharashtra,Maharashtra,4W,ICE,395.0,,,4.5015,0.134,3.5,75000,10,0.0,-18.38738028169014,0.026600000000000013,0.0,Low
Maharashtra,Maharashtra,4W,ICE,93.0,,,4.5015,0.134,3.5,75000,10,0.0,-18.38738028169014,0.026600000000000013,0.0,Low
Maharashtra,Maharashtra,4W,ICE,172.0,,,4.5015,0.134,3.5,75000,10,0.0,-18.38738028169014,0.026600000000000013,0.0,Low
Maharashtra,Maharashtra,4W,ICE,10.0,,,4.5015,0.134,3.5,75000,10,0.0,-18.38738028169014,0.026600000000000013,0.0,Low
Maharashtra,Maharashtra,4W,ICE,117.0,,,4.5015,0.134,3.5,75000,10,0.0,-18.38738028169014,0.026600000000000013,0.0,Low
Maharashtra,Maharashtra,4W,ICE,611.0,,,4.5015,0.134,3.5,75000,10,0.0,-18.38738028169014,0.026600000000000013,0.0,Low
Maharashtra,Maharashtra,4W,ICE,2.0,,,4.5015,0.134,3.5,75000,10,0.0,-18.38738028169014,0.026600000000000013,0.0,Low
Maharashtra,Maharashtra,4W,ICE,184.0,,,4.5015,0.134,3.5,75000,10,0.0,-18.38738028169014,0.026600000000000013,0.0,Low
Maharashtra,Maharashtra,4W,ICE,3.0,,,4.5015,0.134,3.5,75000,10,0.0,-18.38738028169014,0.026600000000000013,0.0,Low
Maharashtra,Maharashtra,4W,ICE,5.0,,,4.5015,0.134,3.5,75000,10,0.0,-18.38738028169014,0.026600000000000013,0.0,Low
Maharashtra,Maharashtra,4W,ICE,4.0,,,4.5015,0.134,3.5,75000,10,0.0,-18.38738028169014,0.026600000000000013,0.0,Low
Maharashtra,Maharashtra,4W,ICE,930.0,,,4.5015,0.134,3.5,75000,10,0.0,-18.38738028169014,0.026600000000000013,0.0,Low
Maharashtra,Maharashtra,4W,ICE,1.0,,,4.5015,0.134,3.5,75000,10,0.0,-18.38738028169014,0.026600000000000013,0.0,Low
Maharashtra,Maharashtra,4W,ICE,415.0,,,4.5015,0.134,3.5,75000,10,0.0,-18.38738028169014,0.026600000000000013,0.0,Low
Maharashtra,Maharashtra,4W,ICE,98.0,,,4.5015,0.134,3.5,75000,10,0.0,-18.38738028169014,0.026600000000000013,0.0,Low
Maharashtra,Maharashtra,4W,ICE,180.0,,,4.5015,0.134,3.5,75000,10,0.0,-18.38738028169014,0.026600000000000013,0.0,Low
Maharashtra,Maharashtra,4W,ICE,10.0,,,4.5015,0.134,3.5,75000,10,0.0,-18.38738028169014,0.026600000000000013,0.0,Low
Maharashtra,Maharashtra,4W,ICE,119.0,,,4.5015,0.134,3.5,75000,10,0.0,-18.38738028169014,0.026600000000000013,0.0,Low
Maharashtra,Maharashtra,4W,ICE,879.0,,,4.5015,0.134,3.5,75000,10,0.0,-18.38738028169014,0.026600000000000013,0.0,Low
Delhi,Delhi,2W,EV,3.0,,,0.12,0.02864,0.2,40000,5,105.0,2.104349206349206,0.0226933333333333,4.663439094112067,High
Delhi,Delhi,2W,EV,4.5,,,0.18,0.02864,0.2,40000,5,105.0,2.104349206349206,0.0226933333333333,4.663439094112067,High
Delhi,Delhi,2W,EV,6.5,,,0.26,0.02864,0.2,40000,5,105.0,2.104349206349206,0.0226933333333333,4.663439094112067,High
Delhi,Delhi,2W,EV,6.0,,,0.24,0.02864,0.2,40000,5,105.0,2.104349206349206,0.0226933333333333,4.663439094112067,High
Delhi,Delhi,2W,EV,8.5,,,0.34,0.02864,0.2,40000,5,105.0,2.104349206349206,0.0226933333333333,4.663439094112067,High
Delhi,Delhi,2W,EV,4.5,,,0.18,0.02864,0.2,40000,5,105.0,2.104349206349206,0.0226933333333333,4.663439094112067,High
Delhi,Delhi,2W,EV,4.0,,,0.16,0.02864,0.2,40000,5,105.0,2.104349206349206,0.0226933333333333,4.663439094112067,High
Delhi,Delhi,2W,ICE,3.0,,,2.315777777777777,0.0513333333333333,1.2,15000,7,105.0,2.104349206349206,0.0226933333333333,4.663439094112067,High
Delhi,Delhi,2W,ICE,4.5,,,2.315777777777777,0.0513333333333333,1.2,15000,7,105.0,2.104349206349206,0.0226933333333333,4.663439094112067,High
Delhi,Delhi,2W,ICE,6.5,,,2.315777777777777,0.0513333333333333,1.2,15000,7,105.0,2.104349206349206,0.0226933333333333,4.663439094112067,High
Delhi,Delhi,2W,ICE,6.0,,,2.315777777777777,0.0513333333333333,1.2,15000,7,105.0,2.104349206349206,0.0226933333333333,4.663439094112067,High
Delhi,Delhi,2W,ICE,8.5,,,2.315777777777777,0.0513333333333333,1.2,15000,7,105.0,2.104349206349206,0.0226933333333333,4.663439094112067,High
Delhi,Delhi,2W,ICE,4.5,,,2.315777777777777,0.0513333333333333,1.2,15000,7,105.0,2.104349206349206,0.0226933333333333,4.663439094112067,High
Delhi,Delhi,2W,ICE,4.0,,,2.315777777777777,0.0513333333333333,1.2,15000,7,105.0,2.104349206349206,0.0226933333333333,4.663439094112067,High
Delhi,Delhi,3W,EV,3.0,,,0.36,0.08592,0.3,140000,5,105.0,2.3667142857142855,0.00341333333333331,4.663439094112067,High
Delhi,Delhi,3W,EV,4.5,,,0.54,0.08592,0.3,140000,5,105.0,2.3667142857142855,0.00341333333333331,4.663439094112067,High
Delhi,Delhi,3W,EV,6.5,,,0.78,0.08592,0.3,140000,5,105.0,2.3667142857142855,0.00341333333333331,4.663439094112067,High
Delhi,Delhi,3W,EV,6.0,,,0.72,0.08592,0.3,140000,5,105.0,2.3667142857142855,0.00341333333333331,4.663439094112067,High
Delhi,Delhi,3W,EV,8.5,,,1.02,0.08592,0.3,140000,5,105.0,2.3667142857142855,0.00341333333333331,4.663439094112067,High
Delhi,Delhi,3W,EV,4.5,,,0.54,0.08592,0.3,140000,5,105.0,2.3667142857142855,0.00341333333333331,4.663439094112067,High
Delhi,Delhi,3W,EV,4.0,,,0.48,0.08592,0.3,140000,5,105.0,2.3667142857142855,0.00341333333333331,4.663439094112067,High
Delhi,Delhi,3W,ICE,3.0,,,3.001,0.0893333333333333,1.8,25000,7,105.0,2.3667142857142855,0.00341333333333331,4.663439094112067,High
Delhi,Delhi,3W,ICE,4.5,,,3.001,0.0893333333333333,1.8,25000,7,105.0,2.3667142857142855,0.00341333333333331,4.663439094112067,High
Delhi,Delhi,3W,ICE,6.5,,,3.001,0.0893333333333333,1.8,25000,7,105.0,2.3667142857142855,0.00341333333333331,4.663439094112067,High
Delhi,Delhi,3W,ICE,6.0,,,3.001,0.0893333333333333,1.8,25000,7,105.0,2.3667142857142855,0.00341333333333331,4.663439094112067,High
Delhi,Delhi,3W,ICE,8.5,,,3.001,0.0893333333333333,1.8,25000,7,105.0,2.3667142857142855,0.00341333333333331,4.663439094112067,High
Delhi,Delhi,3W,ICE,4.5,,,3.001,0.0893333333333333,1.8,25000,7,105.0,2.3667142857142855,0.00341333333333331,4.663439094112067,High
Delhi,Delhi,3W,ICE,4.0,,,3.001,0.0893333333333333,1.8,25000,7,105.0,2.3667142857142855,0.00341333333333331,4.663439094112067,High
Delhi,Delhi,4W,EV,3.0,,,0.4499999999999999,0.1074,0.8,400000,8,105.0,3.7086428571428574,0.0266,4.663439094112067,High
Delhi,Delhi,4W,EV,4.5,,,0.6749999999999999,0.1074,0.8,400000,8,105.0,3.7086428571428574,0.0266,4.663439094112067,High
Delhi,Delhi,4W,EV,6.5,,,0.975,0.1074,0.8,400000,8,105.0,3.7086428571428574,0.0266,4.663439094112067,High
Delhi,Delhi,4W,EV,6.0,,,0.8999999999999999,0.1074,0.8,400000,8,105.0,3.7086428571428574,0.0266,4.663439094112067,High
Delhi,Delhi,4W,EV,8.5,,,1.275,0.1074,0.8,400000,8,105.0,3.7086428571428574,0.0266,4.663439094112067,High
Delhi,Delhi,4W,EV,4.5,,,0.6749999999999999,0.1074,0.8,400000,8,105.0,3.7086428571428574,0.0266,4.663439094112067,High
Delhi,Delhi,4W,EV,4.0,,,0.6,0.1074,0.8,400000,8,105.0,3.7086428571428574,0.0266,4.663439094112067,High
Delhi,Delhi,4W,ICE,3.0,,,4.5015,0.134,3.5,75000,10,105.0,3.7086428571428574,0.0266,4.663439094112067,High
Delhi,Delhi,4W,ICE,4.5,,,4.5015,0.134,3.5,75000,10,105.0,3.7086428571428574,0.0266,4.663439094112067,High
Delhi,Delhi,4W,ICE,6.5,,,4.5015,0.134,3.5,75000,10,105.0,3.7086428571428574,0.0266,4.663439094112067,High
Delhi,Delhi,4W,ICE,6.0,,,4.5015,0.134,3.5,75000,10,105.0,3.7086428571428574,0.0266,4.663439094112067,High
Delhi,Delhi,4W,ICE,8.5,,,4.5015,0.134,3.5,75000,10,105.0,3.7086428571428574,0.0266,4.663439094112067,High
Delhi,Delhi,4W,ICE,4.5,,,4.5015,0.134,3.5,75000,10,105.0,3.7086428571428574,0.0266,4.663439094112067,High
Delhi,Delhi,4W,ICE,4.0,,,4.5015,0.134,3.5,75000,10,105.0,3.7086428571428574,0.0266,4.663439094112067,High
